term,synonyms,category,note
铁矿石,铁矿|铁矿粉|铁精矿,检测对象,铁精矿是否并入铁矿石待核对：调研表里的精矿多指铁精矿
钛铁矿精矿,钛铁矿|钛精矿,检测对象,
硫铁矿,黄铁矿,检测对象,
硫精矿,,检测对象,
硅,硅含量|硅量|二氧化硅|SiO2,组分,
全铁,全铁含量|全铁量|总铁|TFe,组分,
氧化亚铁,氧化亚铁量|FeO,组分,不收“亚铁”：会误中硫酸亚铁铵等试剂名
取样制样,取样|制样|取样和制样|采样|缩分|试样制备,组分,缩分在调研表里也出现，待核对是否保留
工序与设备,工序|检测流程|检测工序,组分,调研表专用（计划 §5.3），同义写法待核对
重量法,重量分析法|称量法,方法,
重铬酸钾滴定法,重铬酸钾容量法|重铬酸钾法,方法,
三氯化钛还原法,三氯化钛还原-重铬酸钾滴定法|三氯化钛还原,方法,
碱熔法,碱融法|碱熔,方法,试样分解方式
过氧化钠,,试剂,
硼酸,,试剂,
碳酸钠,无水碳酸钠,试剂,
盐酸,,试剂,
高氯酸,,试剂,
硫酸,,试剂,
氢氟酸,,试剂,
硝酸,,试剂,
硝酸银,硝酸银溶液,试剂,
焦硫酸钾,,试剂,
磷酸,,试剂,
硫磷混酸,硫磷混合酸|硫酸-磷酸混合酸,试剂,
氢氧化钠,,试剂,
过氧化氢,双氧水,试剂,
混合熔剂,,试剂,
高锰酸钾,,试剂,
重铬酸钾,重铬酸钾标准溶液|重铬酸钾标准滴定溶液,试剂,
氯化亚锡,,试剂,
三氯化钛,三氯化钛溶液,试剂,
钨酸钠,,试剂,
二苯胺磺酸钠,,试剂,
二氯化汞,氯化汞,试剂,
氟化钠,,试剂,
碳酸氢钠,,试剂,
硫酸亚铁铵,,试剂,
铁标准溶液,,试剂,
镍坩埚,,仪器,
刚玉坩埚,,仪器,
石墨坩埚,,仪器,
铂坩埚,,仪器,
镍勺,,仪器,
马弗炉,高温炉,仪器,
滴定管,,仪器,
称量勺,,仪器,
二分器,,仪器,
缩分器,,仪器,
破碎机,,仪器,
试验筛,,仪器,
针形取样器,,仪器,
螺旋钎子,,仪器,
GB/T 6730.10,GB/T6730.10,标准号,铁矿石 硅含量的测定 重量法
GB/T 6730.5,GB/T6730.5,标准号,铁矿石 全铁含量的测定 三氯化钛还原法
GB/T 10322.1,GB/T10322.1,标准号,铁矿石 取样和制样方法
YS/T 360.2,YS/T360.2,标准号,钛铁矿精矿化学分析方法 第2部分 全铁量的测定
YS/T 360.3,YS/T360.3,标准号,钛铁矿精矿化学分析方法 第3部分 氧化亚铁量的测定
GB/T 16574,GB/T16574,标准号,硫铁矿和硫精矿中硅含量的测定 重量法
